{
	"format_version": "1.8.0",
	"animations": {
		"animation.iceologer.ice_summon": {
			"animation_length": 2.18333,
			"bones": {
				"body": {
					"rotation": {
						"0.0": [0, 0, 0],
						"0.1667": [-2, 0, 0],
						"0.3667": [-5, 0, 0],
						"0.5667": [-6, 0, 0],
						"0.8": [-7.23, 0, 0],
						"1.2": [-11.4, 0, 0],
						"1.4333": [-12, 0, 0],
						"1.6333": [15, 0, 0],
						"1.8": [20.18, 0, 0],
						"1.9667": [1.66, 0, 0],
						"2.0833": [0, 0, 0]
					}
				},
				"head": {
					"rotation": {
						"0.0": [0, 0, 0],
						"0.2333": [-15, 0, 0],
						"0.7667": [-10, 0, 0],
						"1.2333": [-10, 0, 0],
						"1.4": [-26.33, 0, 0],
						"1.4833": [-30, 0, 0],
						"1.6333": [40, 0, 0],
						"1.8": [42.22, 0, 0],
						"2.0": [0, 0, 0]
					}
				},
				"rightArm": {
					"rotation": {
						"0.0": [0, 0, 0],
						"0.1667": [-94.45, 0, 0],
						"0.3667": [-113.72, 0, 0],
						"0.4833": [-131.43, 0, 0],
						"0.6333": [-117.86649, 15.57509, -8.07989],
						"0.7167": [-137.38215, 9.77727, -5.57159],
						"0.8": [-123.93, 0, 0],
						"0.9": [-106.78, 0, 0],
						"0.9667": [-116.18, 0, 0],
						"1.1167": [-121.43, 0, 0],
						"1.2333": [-157.86, 0, 0],
						"1.3667": [-170, 0, 0],
						"1.4833": [-170, 0, 0],
						"1.6": [-100, 0, 0],
						"1.7667": [-63.42, 0, 0],
						"2.0": [-15.68, 0, 0],
						"2.0833": [0, 0, 0]
					},
					"position": {
						"0.0": [0, 0, 0],
						"0.1667": [0, 1.11, 0],
						"0.3667": [0, 1.34, 0],
						"0.4833": [0, 1.43, 0],
						"1.1167": [0, 1.43, 0],
						"1.2333": [0, 1.86, 0],
						"1.3667": [0, 2, 0],
						"1.4833": [0, 2, 0],
						"1.6": [0, 0, -3],
						"1.7667": [0, 0, -2.14],
						"2.0": [0, 0, -0.43],
						"2.0833": [0, 0, 0]
					}
				},
				"leftArm": {
					"rotation": {
						"0.0": [0, 0, 0],
						"0.1667": [-56.95, 0, 0],
						"0.3667": [-113.72, 0, 0],
						"0.4833": [-121.43, 0, 0],
						"0.6833": [-116.18, 0, 0],
						"0.8": [-111.43, 0, 0],
						"0.9167": [-114.93, 0, 0],
						"1.1667": [-131.43, 0, 0],
						"1.2833": [-157.86, 0, 0],
						"1.4": [-170, 0, 0],
						"1.5167": [-192.5, 0, 0],
						"1.6333": [-100, 0, 0],
						"1.8": [-3.82, 0, 0],
						"2.0833": [0, 0, 0]
					},
					"position": {
						"0.0": [0, 0, 0],
						"0.1667": [0, 1.11, 0],
						"0.3667": [0, 1.34, 0],
						"0.4833": [0, 1.43, 0],
						"1.1667": [0, 1.43, 0],
						"1.2833": [0, 1.86, 0],
						"1.4": [0, 2, 0],
						"1.5167": [0, 2, 0],
						"1.6333": [0, 0, -3],
						"1.8": [0, 0, -2.14],
						"2.0833": [0, 0, 0]
					}
				},
				"cape": {
					"rotation": {
						"0.0": [0, 0, 0],
						"0.2833": [10, 0, 0],
						"0.6833": [15, 0, 0],
						"1.0333": [15, 0, 0],
						"1.2833": [15.77, 0, 0],
						"1.4833": [10, 0, 0],
						"1.6833": [0, 0, 0],
						"1.8333": [0.18, 0, 0],
						"2.0": [-3.34, 0, 0],
						"2.1167": [0, 0, 0]
					}
				}
			}
		},
		"animation.iceologer.walk": {
			"loop": true,
			"bones": {
				"rightArm": {
					"rotation": ["math.cos(q.anim_time * 500) * 25", 0, 0]
				},
				"leftArm": {
					"rotation": ["-math.cos(q.anim_time * 500) * 25", 0, 0]
				},
				"rightLeg": {
					"rotation": ["-math.cos(q.anim_time * 500) * 25", 0, 0]
				},
				"leftLeg": {
					"rotation": ["math.cos(q.anim_time * 500) * 25", 0, 0]
				}
			}
		},
		"animation.iceologer.idle": {
			"loop": true,
			"bones": {
				"body": {
					"rotation": ["math.cos(q.anim_time * 100) * 3", 0, 0]
				},
				"head": {
					"rotation": ["math.cos(q.anim_time * 100) * 3", 0, 0]
				},
				"rightArm": {
					"rotation": ["-math.cos(q.anim_time * 100) * 5", 0, 0]
				},
				"leftArm": {
					"rotation": ["math.cos(q.anim_time * 100) * 3", 0, 0]
				}
			}
		}
	}
}